<?xml version="1.0" encoding="UTF-8"?>
<project-private xmlns="http://www.netbeans.org/ns/project-private/1">
    <editor-bookmarks xmlns="http://www.netbeans.org/ns/editor-bookmarks/2" lastBookmarkId="0"/>
    <open-files xmlns="http://www.netbeans.org/ns/projectui-open-files/2">
        <group>
            <file>file:/home/isra/Documents/Study/PDC/Distributed%20Systems%20Development%20using%20MPI-20181209T155157Z-001/Distributed%20Systems%20Development%20using%20MPI/projectCode/caller/src/caller/Caller.java</file>
            <file>file:/home/isra/Documents/Study/PDC/Distributed%20Systems%20Development%20using%20MPI-20181209T155157Z-001/Distributed%20Systems%20Development%20using%20MPI/projectCode/caller/src/caller/NewJFrame.java</file>
        </group>
    </open-files>
</project-private>
